{"cameraMode":{"drawMode":0,"name":"Shaded","section":"Shading Mode"},"sceneLighting":true,"audioPlay":false,"sceneViewState":{"m_AlwaysRefresh":false,"showFog":true,"showSkybox":true,"showFlares":true,"showImageEffects":true,"showParticleSystems":true,"showVisualEffectGraphs":true,"m_FxEnabled":true},"in2DMode":false,"pivot":{"x":59.34711837768555,"y":-2.7279136180877687,"z":-17.615312576293947},"rotation":{"x":-0.08711197227239609,"y":-0.7921023368835449,"z":0.11629253625869751,"w":-0.5929197669029236},"size":150.41488647460938,"orthographic":false}